<?xml version="1.0" encoding="UTF-8"?>
    <addon id="repository.t4krepo" name="[COLOR blue][B] T4K[/B][/COLOR] Repository" version="1.1.3" provider-name="tips4kodi.net">
        <requires>
            <import addon="xbmc.addon" version="12.0.0"/>
        </requires>
        <extension point="xbmc.addon.repository" name="[COLOR blue][B] T4K[/B][/COLOR] Repository">
            <info compressed="false">https://github.com/silevasile/t4k-repo/raw/master/_repo/addons.xml</info>
            <checksum>https://github.com/silevasile/t4k-repo/raw/master/_repo/addons.xml.md5</checksum>
            <datadir zip="true">https://github.com/silevasile/t4k-repo/raw/master/_repo/</datadir>
            <hashes>false</hashes>
        </extension>
        <extension point="xbmc.addon.metadata">
            <summary>T4K Repository</summary>
            <description>Official Tips4Kodi Repository. Aici gasiti ultima versiune a build-ului T4K !!</description>
            <platform>all</platform>
    </extension>
</addon>