<?xml version="1.0" encoding="UTF-8" standalone="yes"?>
<addon id="plugin.program.t4kbuild" name="T4K Build" version="1.0.7" provider-name="Tips4Kodi.net">
  <requires>
    <import addon="xbmc.python" version="2.1.0"/>
  </requires>
  <extension point="xbmc.python.pluginsource" library="default.py">
    <provides>executable</provides>
  </extension>
  <extension point="xbmc.service" library="startup.py" start="startup" />
  <extension point="xbmc.addon.metadata">
    <summary lang="en">T4K Build</summary>
    <description lang="en">Wizard-ul build-ului T4K. Inca in teste, so... !!</description>
    <platform>all</platform>
  </extension>
</addon>