<?xml version="1.0" encoding="UTF-8" standalone="yes"?>
<addon id="plugin.program.wolfywizard" name="[COLOR yellow][B]Wolfy Build[/COLOR] [COLOR white]Wizard[/B][/COLOR]" version="1.0.0" provider-name="just a bee">
  <requires>
    <import addon="xbmc.python" version="2.1.0"/>
  </requires>
  <extension point="xbmc.python.pluginsource" library="default.py">
        <provides>executable</provides>
  </extension>
  <extension point="xbmc.service" library="startup.py" start="startup" />
  <extension point="xbmc.addon.metadata">
    <summary lang="en">[COLOR yellow]Why so serious?[/COLOR]</summary>
    <description lang="en">This is just a wizard. You will install my build. I have no connection with the plugins installed in the build. Have fun !!</description>
    <platform>all</platform>
  </extension>
</addon>