<?xml version="1.0" encoding="UTF-8" standalone="yes"?>
<addon id="plugin.video.RomyBuild" name="RomyCupidon" version="1.0.0" provider-name="documentarys.do.am">
  <requires>
    <import addon="xbmc.python" version="2.1.0"/>
  </requires>
  <extension point="xbmc.python.pluginsource" library="default.py">
        <provides>video executable</provides>
  </extension>
  <extension point="xbmc.addon.metadata">
    <summary lang="en">RomyCupidon Wizard</summary>
    <description lang="en">Simplu ,sper sa si placa!!</description>
    <platform>all</platform>
  </extension>
</addon>
