<?xml version="1.0" encoding="UTF-8"?>
    <addon id="repository.t4krepo" name="T4K Repo" version="1.0.1" provider-name="tips4kodi.net">
        <requires>
            <import addon="xbmc.addon" version="12.0.0"/>
        </requires>
        <extension point="xbmc.addon.repository" name="T4K Repo">
            <info compressed="false">https://raw.githubusercontent.com/silevasile/t4k-repo/master/_repo/addons.xml</info>
            <checksum>https://raw.githubusercontent.com/silevasile/t4k-repo/master/_repo/addons.xml.md5</checksum>
            <datadir zip="true">https://raw.githubusercontent.com/silevasile/t4k-repo/master/_repo/</datadir>
            <hashes>false</hashes>
        </extension>
        <extension point="xbmc.addon.metadata">
            <summary>T4K Repository</summary>
            <description>Aici gasiti T4K Build instalabil...mai simplu de atat...:D</description>
            <platform>all</platform>
    </extension>
</addon>